,Country,Happiness.Rank,Happiness.Score,Whisker.high,Whisker.low,Economy..GDP.per.Capita.,Family,Health..Life.Expectancy.,Freedom,Generosity,Trust..Government.Corruption.,Dystopia.Residual,GDP,GDPPC,Urban
0,Norway,1,7.537000179,7.594444821000001,7.479555538,1.616463184,1.53352356,0.796666503,0.635422587,0.362012237,0.315963835,2.277026653,398831956477.94,75504.56626,81.87100000000001
1,Denmark,2,7.521999836,7.581728065,7.462271607000001,1.4823830130000002,1.5511215930000002,0.792565525,0.6260067220000001,0.355280489,0.400770068,2.3137073519999998,324871968807.47,56307.5083,87.757
2,Iceland,3,7.504000187000001,7.622030473,7.385969901,1.48063302,1.6105740069999999,0.8335521220000001,0.627162635,0.47554022100000004,0.153526559,2.322715282,23909289978.59,70056.87339,93.773
3,Switzerland,4,7.493999958,7.56177242,7.426227496,1.5649795530000001,1.516911745,0.858131289,0.620070577,0.290549278,0.367007285,2.276716232,678887336848.25,80189.69686,73.76100000000001
4,Finland,5,7.468999863,7.5275420760000005,7.41045765,1.443571925,1.540246725,0.80915767,0.6179508570000001,0.24548277300000002,0.38261154299999994,2.430181503,251884887972.77,45703.32787,85.325
5,Netherlands,6,7.376999855,7.427425841,7.326573869,1.503944635,1.4289392230000002,0.810696125,0.585384488,0.47048983,0.282661825,2.294804096,826200282501.13,48223.15549,91.07700000000001
6,Canada,7,7.315999985,7.384402835,7.247597133999999,1.479204416,1.481348991,0.834557652,0.611100912,0.435539722,0.287371516,2.187264442,1653042795255.04,45032.11991,81.35
7,New Zealand,8,7.31400013,7.379510442000001,7.2484898179999995,1.405706048,1.548195124,0.8167597059999999,0.61406213,0.500005126,0.382816702,2.046456337,205852838254.71,42940.57829,86.46600000000001
8,Sweden,9,7.28399992,7.344094877000001,7.223904962000001,1.494387269,1.478162169,0.830875158,0.612924099,0.385399252,0.384398729,2.097537994,538040458217.0,53442.00828,87.146
9,Australia,10,7.28399992,7.356651225,7.211348615,1.484414935,1.510041952,0.843886793,0.6016073820000001,0.47769925,0.30118373,2.0652108190000003,1323421072479.07,53799.938089999996,85.904
10,Israel,11,7.212999821,7.279853256,7.146146385,1.375382423,1.3762899640000001,0.838404,0.405988604,0.330082655,0.0852421,2.801757336,350850537827.28,40270.25135,92.336
11,Costa Rica,12,7.078999996,7.168111666000001,6.989888326,1.109706283,1.416403651,0.759509265,0.58013165,0.214613229,0.10010658900000001,2.898639202,57057372468.04,11630.6684,78.56
12,Austria,13,7.006000042,7.070669812,6.941330272,1.4870972630000001,1.459944963,0.8153284190000001,0.56776619,0.316472322,0.221060365,2.138506413,416595666396.64,47290.91165,58.093999999999994
13,United States,14,6.993000031,7.074656748,6.911343313,1.546259284,1.419920564,0.7742866279999999,0.5057405229999999,0.392578781,0.135638788,2.218113422,19390604000000.0,59531.661960000005,82.05799999999999
14,Ireland,15,6.977000237,7.043351668,6.910648805,1.535706639,1.558231115,0.809782624,0.573110342,0.427858323,0.298388153,1.7738690380000002,333730764773.18,69330.69015,62.946999999999996
15,Germany,16,6.951000214,7.005381569,6.896618857999999,1.4879233840000001,1.472520351,0.798950732,0.562511384,0.33626917,0.276731938,2.015769958,3677439129776.6,44469.909060000005,77.26100000000001
16,Belgium,17,6.890999794,6.95582075,6.826178838,1.463780761,1.462312698,0.8180918690000001,0.539770722,0.231503338,0.251343131,2.124210358,492681283049.25,43323.80734,97.961
17,Luxembourg,18,6.862999916000001,6.923686099999999,6.802313732000001,1.7419435980000002,1.457583666,0.845089495,0.596627891,0.28318098199999997,0.318834424,1.6195120809999999,62404461274.66,104103.0367,90.727
18,United Kingdom,19,6.714000225,6.783791761,6.644208689,1.44163394,1.49646008,0.8053359390000001,0.508190036,0.492774159,0.265428066,1.704143524,2622433959604.16,39720.44343,83.14299999999999
19,Chile,20,6.65199995,6.73925056,6.564749341000001,1.25278461,1.2840249540000002,0.819479704,0.37689527899999997,0.32666242100000004,0.082287982,2.509585857,277075944401.94,15346.4497,87.49
20,United Arab Emirates,21,6.647999763,6.722047304,6.573952222999999,1.626343369,1.2664102320000001,0.7267982359999999,0.60834527,0.36094194700000004,0.324489564,1.734703541,382575085091.9,40698.84934,86.24799999999999
21,Brazil,22,6.635000229,6.725469502,6.544530956,1.10735321,1.431306005,0.616552353,0.437453747,0.162349895,0.111092761,2.769267082,2055505502224.73,9821.407686,86.309
22,Czech Republic,23,6.609000206,6.683862463,6.534137949,1.352682352,1.4338852169999998,0.7544440029999999,0.49094617399999996,0.088106759,0.036872927,2.451861858,215725534372.37,20368.13856,73.675
23,Argentina,24,6.598999977,6.690085086,6.507914867999999,1.1852954629999999,1.440451145,0.6951370840000001,0.494519204,0.109457061,0.059739888,2.614005327,637590419269.32,14401.97485,91.749
24,Mexico,25,6.578000069,6.671148907999999,6.48485123,1.153183818,1.21086216,0.709978998,0.412730008,0.12099043300000001,0.132774115,2.837154865,1149918794765.73,8902.830823,79.867
25,Singapore,26,6.5720000270000005,6.636723068999999,6.507276984,1.69227767,1.3538143630000001,0.949492395,0.549840569,0.34596598100000003,0.464307785,1.2163620000000002,323907234412.34,57714.29663,100.0
26,Malta,27,6.52699995,6.598396772999999,6.455603128,1.343279839,1.488411665,0.8219442370000001,0.588767052,0.574730575,0.153066069,1.556862831,12537750732.48,26945.98388,94.546
27,Uruguay,28,6.453999996,6.545906218,6.362093775,1.217559695,1.412227869,0.7192168240000001,0.5793922539999999,0.17509692899999998,0.178061873,2.1724095340000003,56156972157.7,16245.59837,95.24
28,Guatemala,29,6.453999996,6.566873973,6.34112602,0.8720019459999999,1.255585194,0.54023999,0.531310618,0.283488393,0.077223279,2.8938910960000004,75620095537.5,4470.9895719999995,50.68
29,Panama,30,6.452000141,6.5571307160000005,6.3468695660000005,1.233748436,1.373192549,0.706156135,0.550026834,0.210556939,0.070983924,2.307199955,61838175800.0,15087.681630000001,67.365
30,France,31,6.441999912000001,6.515767802,6.368232022000001,1.430923462,1.3877768519999998,0.844465852,0.470222116,0.129762307,0.172502428,2.0059547419999997,2582501307216.42,38476.658639999994,80.18
31,Thailand,32,6.423999786,6.509116856,6.338882717000001,1.127868772,1.425792456,0.647239029,0.580200732,0.57212311,0.031612735,2.039508343,455220920571.13,6593.819806,49.2
32,Spain,34,6.402999877999999,6.471054845,6.334944911,1.384397864,1.532090902,0.8889606,0.40878123,0.190133572,0.070914097,1.92775774,1311320015515.99,28156.81584,80.08
33,Qatar,35,6.375,6.568476813999999,6.181523186000001,1.870765686,1.27429688,0.710098088,0.604130983,0.33047387,0.439299256,1.14546442,167605219780.22,63505.80525,99.07799999999999
34,Colombia,36,6.3569998739999996,6.452020054,6.261979694,1.070622325,1.4021829369999999,0.5950279239999999,0.477487415,0.149014473,0.046668742,2.616068125,309191382833.37,6301.589878,80.446
35,Saudi Arabia,37,6.343999863,6.444166612,6.243833112999999,1.530623555,1.2866775990000001,0.59014833,0.449750572,0.14761601400000002,0.273432255,2.065429688,683827144288.54,20760.90601,83.62200000000001
36,Trinidad and Tobago,38,6.168000221000001,6.381533891,5.954466552,1.361355901,1.380228519,0.519983292,0.518630743,0.325296462,0.008964816,2.053247452,22104775828.46,16145.18457,53.205
37,Kuwait,39,6.105000018999999,6.1919569889999995,6.018043049,1.6329524519999998,1.259698749,0.632105708,0.49633759299999997,0.22828979800000002,0.21515955,1.640425205,120126277612.93,29040.36371,100.0
38,Bahrain,41,6.086999893,6.178989068,5.995010719,1.488412261,1.323110461,0.653133035,0.5367469189999999,0.17266848699999998,0.25704217,1.656149387,35307127659.57,23655.0356,89.186
39,Malaysia,42,6.084000111,6.179979637000001,5.988020585,1.29121542,1.284646034,0.618784428,0.40226498200000005,0.41660893,0.065600708,2.004448891,314500279043.81,9944.9043,75.447
40,Nicaragua,43,6.071000099,6.1865836,5.955416597999999,0.737299204,1.28721571,0.653095961,0.447551847,0.30167421699999997,0.13068798199999998,2.513930559,13814261535.54,2221.8064449999997,58.299
41,Ecuador,44,6.007999897,6.105847675,5.910152119,1.0008203979999999,1.286168814,0.6856362220000001,0.45519819899999997,0.150112465,0.140134647,2.290352583,103056619000.0,6198.947322999999,63.67
42,El Salvador,45,6.002999783,6.108635122000001,5.897364443,0.9097844959999999,1.182125092,0.596018553,0.43245253,0.078257985,0.08998096,2.714593887,24805439600.0,3889.3087689999998,71.275
43,Poland,46,5.97300005,6.0539083410000005,5.892091757999999,1.291787863,1.44571197,0.699475348,0.520342112,0.15846596699999999,0.059307806,1.7977228159999998,524509565263.41,13811.66424,60.105
44,Uzbekistan,47,5.971000195,6.065537572999999,5.876462816,0.786441088,1.54896915,0.498272628,0.658248663,0.415983647,0.24652822300000002,1.816913605,48717685984.03,1504.226546,50.55
45,Italy,48,5.964000225,6.042736906,5.885263544,1.395066619,1.444923282,0.8531443479999999,0.256450713,0.17278964800000002,0.028028091,1.813312054,1934797937411.33,31952.975919999997,70.14399999999999
46,Belize,50,5.9559998510000005,6.197242318,5.714757385,0.9079753159999999,1.081417799,0.450191766,0.547509372,0.240015641,0.09658107199999999,2.631955624,1838000000.0,4905.506284,45.601000000000006
47,Japan,51,5.920000076,5.990719445,5.849280707999999,1.4169151780000002,1.436337829,0.9134758709999999,0.505625546,0.12057276800000001,0.163760737,1.363223553,4872136945507.59,38428.09732,91.535
48,Lithuania,52,5.90199995,5.982669641,5.821330259,1.314582348,1.4735161069999998,0.62894994,0.234231785,0.010164656999999999,0.011865643,2.228440523,47168303744.13,16680.6781,67.516
49,Algeria,53,5.872000217,5.978286434,5.765714001,1.091864467,1.146217465,0.6175846460000001,0.233335808,0.069436647,0.14609611,2.5676038269999997,170370810917.97,4123.389937,72.05199999999999
50,Latvia,54,5.849999905,5.9202635379999995,5.779736271,1.260748625,1.4047149419999998,0.638566971,0.325707912,0.153074786,0.073842727,1.993655205,30264454641.8,15594.28602,68.075
51,Moldova,56,5.837999821,5.908370838,5.767628802999999,0.72887063,1.251825571,0.589465201,0.24072904899999997,0.208779126,0.010091286,2.807808399,8128493432.08,2289.877719,42.556999999999995
52,Romania,57,5.8249998089999995,5.919694157,5.7303054620000005,1.217683911,1.15009129,0.685158312,0.45700374200000005,0.13351991800000002,0.004387901,2.176831484,211803281924.74,10813.7166,53.93600000000001
53,Bolivia,58,5.822999954,5.903976902999999,5.742023006,0.8337565659999999,1.227619052,0.47363025,0.558732927,0.225560725,0.060477725999999996,2.443279028,37508642112.88,3393.955818,69.08
54,Turkmenistan,59,5.8220000270000005,5.885180876000001,5.7588191779999995,1.130776763,1.4931491609999998,0.43772608,0.418271929,0.24992498800000001,0.25927034,1.832909822,42355428571.43,7355.8313450000005,51.153
55,Kazakhstan,60,5.818999767,5.903641775,5.73435776,1.28455627,1.384369016,0.606041551,0.43745428299999994,0.201964423,0.11928288599999999,1.784892559,159406926359.12,8837.457301999999,57.336000000000006
56,Slovenia,62,5.757999897,5.84222516,5.673774634,1.341205955,1.452518821,0.790828228,0.572575808,0.242649093,0.04512897900000001,1.3133172990000002,48769655479.24,23597.29173,54.273
57,Peru,63,5.715000152999999,5.8119467789999995,5.618053527000001,1.0352252720000001,1.218770385,0.6301661129999999,0.45000287899999997,0.126819715,0.047049087,2.20726943,211389272242.16,6571.928645,77.72
58,Mauritius,64,5.629000187000001,5.729862192000001,5.528138182,1.189395547,1.20956099,0.638007462,0.49124732600000004,0.360933751,0.042181555,1.697583914,13338147523.01,10547.21683,40.841
59,Cyprus,65,5.620999812999999,5.7146926989999995,5.527306927000001,1.3559380769999998,1.131363273,0.8447147009999999,0.355111539,0.27125430100000003,0.041237976,1.621249199,21651791751.18,25233.57098,66.836
60,Estonia,66,5.611000061,5.688139874,5.533860248,1.32087934,1.4766711000000001,0.695168316,0.47913143,0.098890811,0.18324892199999998,1.357508659,25921079612.33,19704.65504,68.717
61,Belarus,67,5.568999767,5.646114244,5.491885291,1.15655756,1.444945216,0.637714267,0.29540026199999997,0.155137509,0.156313822,1.723232985,54442374372.51,5726.029673,78.134
62,Libya,68,5.525000095,5.676953807,5.373046383999999,1.101803064,1.35756433,0.52016902,0.46573323,0.152073666,0.09261021,1.8350112440000002,50984362478.5,7998.028819,79.817
63,Turkey,69,5.5,5.594864962999999,5.405135037000001,1.1982743740000001,1.337753177,0.637605608,0.30074059999999997,0.046693042000000004,0.09967158,1.879277945,851102411118.12,10540.618,74.64399999999999
64,Paraguay,70,5.493000031,5.57738127,5.408618791,0.932537317,1.50728488,0.579250693,0.47350779200000004,0.224150658,0.09106591300000001,1.68533349,29734895248.91,4365.526162,61.3
65,Philippines,72,5.429999828,5.545335054,5.314664602,0.857699215,1.253917575,0.468009055,0.5852146739999999,0.19351342300000002,0.099331893,1.9726047519999999,313595208737.27,2988.952703,46.681999999999995
66,Serbia,73,5.394999981000001,5.491569656,5.298430306,1.069317579,1.258189797,0.650784671,0.208715528,0.220125884,0.040903781,1.9470844269999998,41431648801.17,5900.038108,55.942
67,Jordan,74,5.335999966,5.448410022000001,5.223589909,0.9910123940000001,1.239088893,0.604590058,0.418421149,0.17217046,0.11980327199999999,1.791176558,40068308516.28,4129.751671,90.74700000000001
68,Hungary,75,5.323999882,5.403039709,5.244960054,1.286011934,1.343133092,0.687763453,0.175863519,0.078401662,0.036636937,1.716459274,139135029758.29,14224.846459999999,71.062
69,Jamaica,76,5.31099987,5.581398728,5.040601012,0.9255793090000001,1.3682180640000001,0.641022384,0.474307239,0.233818337,0.055267780999999995,1.6123256680000002,14768134912.42,5109.552649,55.378
70,Croatia,77,5.293000221000001,5.391777205,5.194223238,1.222556233,0.9679830070000001,0.7012885209999999,0.255772293,0.248002976,0.04310311,1.854492426,54849180228.87,13294.51493,56.667
71,Kosovo,78,5.278999805,5.364847995,5.193151615,0.9514843820000001,1.1378535029999999,0.54145205,0.260287941,0.319931448,0.057471617999999995,2.010540724,7128690556.68,3893.9698240000002,
72,China,79,5.2729997630000005,5.31927809,5.226721437,1.0811657909999999,1.160837412,0.741415501,0.472787708,0.028806841,0.022794275,1.7649385930000001,12237700479375.0,8826.994095999999,57.96
73,Pakistan,80,5.269000053,5.359983641,5.178016465,0.7268835309999999,0.67269069,0.402047783,0.23521526199999998,0.31544601899999997,0.12434806699999999,2.79248929,304951818494.07,1547.8534140000002,36.442
74,Indonesia,81,5.262000083999999,5.352888598,5.17111157,0.995538592,1.274444699,0.492345721,0.443323463,0.6117045879999999,0.015317135,1.429476976,1015539017536.5,3846.864323,54.659
75,Montenegro,83,5.236999989,5.341044441,5.132955537,1.121129036,1.238376498,0.667464674,0.194989055,0.197911024,0.088174194,1.729191542,4774086094.21,7669.571906,66.477
76,Morocco,84,5.235000134,5.318340965,5.151659302,0.878114581,0.774864435,0.597710669,0.408158332,0.032209955,0.08776318300000001,2.456189394,109139484007.43,3007.242877,61.908
77,Azerbaijan,85,5.234000206,5.299286535,5.168713877,1.153601766,1.152400255,0.540775776,0.398155838,0.04526934,0.180987507,1.7624816890000001,40747792237.97,4131.61831,55.343
78,Dominican Republic,86,5.230000018999999,5.349060885,5.110939153,1.0793738370000001,1.402416706,0.574873745,0.552589834,0.18696785,0.11394525300000001,1.31946516,75931656814.66,7052.258839,80.277
79,Greece,87,5.2270002369999995,5.325246169,5.128754304,1.2894874809999999,1.239414573,0.810198903,0.09573125099999999,0.0,0.043289777,1.749221563,200288277129.04,18613.42387,78.72399999999999
80,Lebanon,88,5.224999905,5.318882288,5.131117521,1.0749875309999999,1.129624248,0.735081077,0.288515985,0.264450759,0.03751383,1.695073843,51844487742.02,8523.74955,88.429
81,Portugal,89,5.195000172,5.285041733,5.10495861,1.315175295,1.3670430180000002,0.7958435420000001,0.4984653,0.095102713,0.015869452,1.107682705,217571083045.99,21136.29721,64.652
82,Bosnia and Herzegovina,90,5.18200016,5.2763356869999996,5.087664633999999,0.9824094179999999,1.069335938,0.7051863070000001,0.204403177,0.328867495,0.0,1.892172575,18168579578.2,5180.636301,47.876000000000005
83,Honduras,91,5.181000233,5.301582797,5.060417669,0.730573118,1.143944979,0.58256948,0.34807986,0.236188874,0.073345453,2.0658111569999997,22978532896.78,2480.125929,56.457
84,Somalia,93,5.151000023,5.24248371,5.059516336000001,0.022643184,0.721151352,0.11398913699999999,0.602126956,0.291631311,0.282410324,3.11748457,7368560694.66,499.8168017,44.391000000000005
85,Vietnam,94,5.073999882,5.147280765,5.000718999,0.788547575,1.277491331,0.652168989,0.571055591,0.234968051,0.08763323699999999,1.4623186590000001,223863996354.66,2343.124575,35.213
86,Nigeria,95,5.073999882,5.209500135,4.938499628,0.783756256,1.215770483,0.05691573,0.394952565,0.23094719600000002,0.026121566000000002,2.365390539,375770713742.76,1968.5576809999998,49.519
87,Tajikistan,96,5.040999889,5.111425596,4.970574183,0.524713635,1.271463275,0.529235125,0.47156670700000003,0.248997644,0.14637714599999999,1.84904933,7145701018.75,800.9669640999999,26.982
88,Bhutan,97,5.011000156000001,5.079334562,4.942665751,0.8854163890000001,1.340126514,0.495879292,0.5015376810000001,0.474054545,0.17338039,1.140184402,2511852941.18,3110.230113,40.167
89,Nepal,99,4.961999893,5.067356079,4.856643707,0.47982019200000003,1.179283261,0.504130781,0.44030594799999995,0.394096166,0.072975546,1.891241074,24472013233.85,835.0798466,19.336
90,Mongolia,100,4.954999924,5.021679509,4.888320338,1.0272358659999998,1.4930112359999999,0.557783484,0.394143969,0.33846423,0.032902289,1.111292362,11488046881.04,3735.164302,68.363
91,South Africa,101,4.828999996,4.929435188,4.728564805,1.054698706,1.3847886319999998,0.18708007,0.479246736,0.13936238,0.072509497,1.5109086040000002,349419343614.09,6160.734569,65.85
92,Tunisia,102,4.804999828,4.884367007,4.72563265,1.007265806,0.86835146,0.613212049,0.28968069,0.049693357,0.086723149,1.89025116,40256675208.73,3490.828293,68.642
93,Bulgaria,105,4.714000225,4.803694706,4.624305744,1.161459088,1.4343794580000002,0.70821768,0.289231718,0.11317769400000001,0.011051531000000002,0.996139288,56831518294.44,8031.598442,74.669
94,Sierra Leone,106,4.709000111,4.850643335,4.567356886000001,0.368420929,0.984136045,0.005564754,0.318697691,0.293040901,0.071095176,2.668459892,3774270392.41,499.4262954,41.636
95,Cameroon,107,4.695000172,4.796540857,4.593459486,0.564305365,0.946018219,0.132892117,0.43038874899999996,0.236298457,0.051306631,2.333645582,34798596482.43,1446.702895,55.777
96,Albania,109,4.644000053,4.752464006,4.5355361,0.996192753,0.803685248,0.7311597470000001,0.381498635,0.201312944,0.039864216,1.490441561,13039352743.96,4537.862492,59.383
97,Bangladesh,110,4.607999802,4.6898216580000005,4.526177945,0.586682975,0.7351317409999999,0.533241034,0.47835665899999996,0.172255352,0.123717859,1.978736162,249723887765.42,1516.513423,35.858000000000004
98,Namibia,111,4.573999882,4.770354741,4.377645023,0.9644343259999999,1.098470807,0.33861181100000004,0.520303547,0.077133745,0.093146972,1.481890202,13244597345.43,5227.18001,49.005
99,Kenya,112,4.552999973,4.655691591,4.450308356,0.560479462,1.0679507259999999,0.30998835,0.452763766,0.444860309,0.064641319,1.651902199,74938190654.86,1507.8148640000002,26.561999999999998
100,Mozambique,113,4.5500001910000005,4.774102326,4.325898055,0.23430565,0.870701015,0.106654435,0.48079109200000003,0.32222810399999996,0.179436386,2.355650902,12333859926.28,415.7177167,35.455
101,Myanmar,114,4.545000076,4.614739946,4.475260206000001,0.36711055,1.123235941,0.397522569,0.514492035,0.8380751609999999,0.188816205,1.115290403,69322122755.85,1298.881989,30.322
102,Senegal,115,4.534999847,4.601603781000001,4.468395913999999,0.47930902200000003,1.179691911,0.40936285299999997,0.37792226700000003,0.183468893,0.11546044800000001,1.789646149,16374743753.47,1033.069906,46.74
103,Zambia,116,4.513999939,4.644105501,4.383894376000001,0.636406779,1.0031872990000001,0.257835895,0.461603492,0.249580145,0.07821355,1.826705456,25808666421.56,1509.797013,42.976000000000006
104,Iraq,117,4.497000217,4.62259141,4.371409025,1.102710485,0.978613198,0.50118047,0.28855553300000003,0.19963726399999998,0.107215755,1.3189072609999999,197715736040.61,5165.714157,70.278
105,Gabon,118,4.465000153,4.5573617660000005,4.37263854,1.198210239,1.155620217,0.356578588,0.312328577,0.043785378,0.076046787,1.322916269,14622880885.68,7220.687234999999,88.976
106,Ethiopia,119,4.460000038,4.5427286769999995,4.377271400000001,0.339233845,0.864669204,0.353409708,0.40884274200000004,0.31265074,0.165455714,2.015743732,80561496133.92,767.5634778,20.31
107,Sri Lanka,120,4.440000057,4.553447192,4.326552922,1.009850144,1.259976387,0.6251308320000001,0.561213255,0.49086356200000003,0.073653966,0.419389248,87174682200.43,4065.224874,18.384
108,Armenia,121,4.375999928,4.466734612,4.2852652430000004,0.900596738,1.0074837209999998,0.637524426,0.198303267,0.083488092,0.026674422000000003,1.5214991569999998,11536590635.83,3936.7983200000003,63.103
109,India,122,4.315000057,4.371522017,4.258478097,0.7922212479999999,0.754372597,0.455427617,0.469987005,0.231538489,0.092226885,1.519117117,2597491162897.67,1939.612984,33.6
110,Mauritania,123,4.291999817,4.377163616,4.206836018,0.648457289,1.27203083,0.28534928,0.09609804300000001,0.20187002399999998,0.136957005,1.651637316,5024705934.34,1136.763975,52.824
111,Georgia,125,4.285999775,4.374933966,4.197065584,0.9506126640000001,0.570614934,0.649546981,0.309410036,0.054008815,0.251666635,1.500137806,15159281211.4,4078.254879,58.231
112,Mali,127,4.190000057,4.269670711,4.110329403,0.476180494,1.281473398,0.169365674,0.306613743,0.183354199,0.10497024699999999,1.668190956,15288163367.26,824.5162257000001,41.571999999999996
113,Cambodia,129,4.168000221000001,4.278517814,4.057482629,0.601765096,1.006238341,0.429783404,0.633375823,0.385922968,0.068105951,1.042941093,22158209502.64,1384.4231869999999,22.98
114,Sudan,130,4.138999939,4.345747165,3.932252713,0.6595166920000001,1.21400857,0.29092082399999997,0.014995855,0.18231745100000002,0.08984752,1.68706584,117487857142.86,2898.5493460000002,34.37
115,Ghana,131,4.1199998860000004,4.222707209,4.017292563,0.6672248239999999,0.873664737,0.295637727,0.42302629399999997,0.25692394399999996,0.02533637,1.5778675080000002,47330016342.57,1641.486625,55.407
116,Ukraine,132,4.096000195,4.185410105,4.006590285,0.8946519490000001,1.394537568,0.575903952,0.122974776,0.270061463,0.023029471,0.814382315,112154185121.41,2639.8243260000004,69.24600000000001
117,Uganda,133,4.0809998510000005,4.195799967,3.966199735,0.381430715,1.129827738,0.217632607,0.443185955,0.325766057,0.057069719000000005,1.526362658,25891058946.19,604.0427482000001,23.195999999999998
118,Burkina Faso,134,4.032000065,4.124059064,3.939941065,0.35022771399999997,1.043280005,0.21584425899999998,0.32436785100000004,0.250864685,0.12032810599999999,1.7272129059999999,12873114800.02,670.7059131,28.743000000000002
119,Niger,135,4.027999878,4.11194682,3.9440529360000003,0.161925331,0.993025005,0.268505007,0.363658696,0.22867384600000001,0.138572946,1.8739833830000001,8119732792.52,378.0603077,16.35
120,Malawi,136,3.970000029,4.077478817,3.86252124,0.23344203800000002,0.5125688310000001,0.315089583,0.466914654,0.28717047,0.072711654,2.0817861559999997,6303277590.8,338.48364239999995,16.714000000000002
121,Chad,137,3.9360001089999996,4.0347115239999995,3.837288693,0.438012987,0.953855872,0.041134715,0.162342027,0.21611385,0.053581882000000004,2.071238041,9981303726.23,669.8864259,22.858
122,Zimbabwe,138,3.875,3.978699643,3.771300357,0.375846535,1.083095908,0.19676375399999999,0.33638420700000005,0.189143494,0.095375381,1.597970247,17845821400.0,1079.608291,32.236999999999995
123,Lesotho,139,3.808000088,4.044343975,3.5716562000000005,0.5210212470000001,1.190095186,0.0,0.39066129899999996,0.157497272,0.11909464,1.42983532,2639386291.43,1181.811759,27.73
124,Angola,140,3.7950000760000004,3.951641935,3.638358217,0.85842818,1.10441196,0.049868666,0.0,0.09792649,0.069720335,1.614482403,124209385825.22,4170.31228,64.839
125,Afghanistan,141,3.79399991,3.873661415,3.714338405,0.40147721799999997,0.581543326,0.180746779,0.10617952,0.311870933,0.06115783,2.150801182,20815300220.04,585.8500637999999,25.25
126,Botswana,142,3.766000032,3.8741226660000003,3.6578773989999998,1.122094154,1.221554995,0.34175550899999996,0.505196333,0.099348448,0.09858319900000001,0.377913713,17406530780.72,7595.59585,68.7
127,Benin,143,3.657000065,3.745783551,3.568216578,0.43108540799999995,0.435299844,0.209930211,0.425962776,0.207948461,0.060929015,1.885630965,9273558271.65,829.7972306,46.768
128,Madagascar,144,3.644000053,3.714319106,3.573681001,0.305808693,0.9130203720000001,0.375223309,0.189196765,0.20873253,0.067231975,1.584612608,11499803806.57,449.7223819,36.522
129,Haiti,145,3.6029999260000003,3.734714798,3.471285053,0.368610263,0.640449822,0.27732113,0.030369857000000004,0.489203781,0.09987215,1.697167635,8408150517.98,765.6839246000001,54.346000000000004
130,South Sudan,147,3.59100008,3.7255385860000003,3.456461574,0.397248626,0.601323128,0.163486004,0.147062436,0.28567081699999997,0.116793513,1.879567385,,,19.346
131,Liberia,148,3.5329999919999997,3.6537562610000003,3.4122437239999996,0.119041793,0.8721179370000001,0.229918197,0.332881182,0.266549885,0.038948249,1.673285961,2158000000.0,456.0530154,50.696999999999996
132,Guinea,149,3.5069999689999998,3.584428129,3.42957181,0.24454993,0.791244686,0.19412913899999998,0.34858751299999996,0.264815092,0.110937618,1.5523118969999998,10496056732.55,825.3449297999999,35.793
133,Togo,150,3.4949998860000004,3.594038112,3.3959616589999997,0.305444717,0.43188253,0.247105569,0.380426139,0.19689615100000002,0.095665015,1.837229252,4812554346.15,617.1766097,41.162
134,Rwanda,151,3.4709999560000004,3.5430302339999997,3.398969679,0.368745893,0.945707023,0.326424807,0.581843853,0.252756029,0.455220014,0.540061235,9136689514.09,748.3932599999999,17.125
135,Tanzania,153,3.348999977,3.461429755,3.236570199,0.511135876,1.0419898029999999,0.364509284,0.390017778,0.35425636200000005,0.066035107,0.621130466,52090320325.47,936.3307679999999,33.053000000000004
136,Burundi,154,2.904999971,3.074690333,2.73530961,0.091622569,0.629793584,0.151610792,0.059900753,0.204435185,0.084147945,1.6830241680000002,3477502178.28,320.08687010000006,12.706
137,Central African Republic,155,2.6930000780000003,2.8648842689999996,2.5211158869999997,0.0,0.0,0.018772686,0.270842046,0.280876487,0.056565076,2.066004753,1949411659.2,418.411287,40.98
